{
    "accuracy": 0.9203333333333333,
    "f1_score": 0.8759080819837399,
    "n_estimators": 300
}