{
    "accuracy": 0.9278888888888889,
    "f1_score": 0.8900228632318792,
    "n_estimators": 1000
}