{
    "accuracy": 0.9211111111111111,
    "f1_score": 0.8770431616601875,
    "n_estimators": 200
}